username,DOB
aweare0,1992
rfarfull1,2013
arozet2,1994
cpockey3,2003
dhenrie4,2000
rlegion5,2005
gkorda6,2005
glie7,2010
sbrockie8,1996
bhallgough9,2009
cfluckera,2002
glosseljongb,1995
jmephamc,2006
jvoffd,2003
amaldine,2006
aprendeguestf,1990
ahoustong,2000
ekhomishinh,2009
jgillyetti,2008
pgasnellj,1995
othomasenk,1997
mknollesgreenl,1993
sblankenshipm,2008
ltrimmingn,2007
goldallo,1998
czanucioliip,1984
ddubockq,2011
abourrelr,1994
emcgaugheys,1992
aeykelt,1990
obohleru,1998
dshalcrasv,2009
pzoldw,2006
agrafhomx,1999
rwilsteady,1997
msaycez,2000
cmartensen10,2004
rgosnold11,2006
cwaldie12,2003
grathmell13,1984
hpettis14,2008
wsudy15,2005
epargetter16,2005
ngotmann17,2011
tdresser18,1993
stopliss19,2010
bterbrugge1a,2011
gbarents1b,1989
wmcmenamie1c,2007
bcasiroli1d,2004
kbrahan1e,2011
mrolance1f,2000
rlucchi1g,2002
pconisbee1h,2006
kbruineman1i,1992
jrosindill1j,2000
apagan1k,2005
church1l,2008
bjaxon1m,2009
ehenkens1n,1997
lmarrows1o,1998
rangrick1p,2004
jwigelsworth1q,2000
hdewis1r,1965
lgianasi1s,1995
nraggatt1t,2003
harnopp1u,2004
klavens1v,2003
adonnelly1w,1993
aaguirre1x,2012
cbarkway1y,2004
chrinishin1z,1998
ostoggles20,2010
praitie21,1993
ckeers22,2007
tantonikov23,2006
epresswell24,2008
nbeney25,1999
dstuart26,1985
rtiffany27,2009
jvarden28,1996
sbricket29,2008
lsinson2a,2002
mcoker2b,2002
igonsalo2c,1994
jwhitington2d,1990
llarimer2e,2001
laldritt2f,2002
bbollands2g,2001
mghidotti2h,1999
bcobson2i,2006
gdugan2j,2012
rlipman2k,2010
ringry2l,1992
imuzzall2m,2010
kdudden2n,2001
cgossage2o,1995
cfrossell2p,1993
gjost2q,1995
rwitling2r,2001
